feature,sensor,metric,normal_mean,anomaly_mean,mean_difference,cohens_d,p_value,significant
Motor_Current__fft_peak_amplitude,Motor_Current,fft_peak_amplitude,0.0449,0.6935,0.6486,3.1785,8.351825939376645e-95,True
Pressure__fft_peak_amplitude,Pressure,fft_peak_amplitude,0.0341,0.3163,0.2823,2.9452,1.1890434109199244e-93,True
Noise__fft_peak_amplitude,Noise,fft_peak_amplitude,0.4066,3.2298,2.8232,2.7954,9.864618116003292e-95,True
Vibration__fft_peak_amplitude,Vibration,fft_peak_amplitude,0.0296,0.2868,0.2572,2.7578,5.248376339544642e-94,True
Temperature__fft_peak_amplitude,Temperature,fft_peak_amplitude,0.2682,1.4333,1.1651,2.7244,2.2018001376408398e-91,True
Motor_Current__mean_power_spectrum,Motor_Current,mean_power_spectrum,0.0042,0.9839,0.9797,2.434,5.393412789792552e-95,True
Motor_Current__spectral_energy,Motor_Current,spectral_energy,0.0631,14.7583,14.6952,2.434,5.393412789792552e-95,True
Pressure__spectral_energy,Pressure,spectral_energy,0.0377,2.9486,2.9109,2.2743,4.830843053899861e-94,True
Pressure__mean_power_spectrum,Pressure,mean_power_spectrum,0.0025,0.1966,0.1941,2.2743,4.830843053899861e-94,True
Temperature__mean_power_spectrum,Temperature,mean_power_spectrum,0.1191,4.7505,4.6315,1.9785,8.808462157326368e-94,True
Temperature__spectral_energy,Temperature,spectral_energy,1.786,71.2581,69.4721,1.9785,8.808462157326368e-94,True
Noise__spectral_energy,Noise,spectral_energy,5.4339,314.0955,308.6616,1.9772,3.744996039269752e-95,True
Noise__mean_power_spectrum,Noise,mean_power_spectrum,0.3623,20.9397,20.5774,1.9772,3.744996039269752e-95,True
Vibration__spectral_energy,Vibration,spectral_energy,0.0218,2.0104,1.9887,1.8888,1.747394339881359e-94,True
Vibration__mean_power_spectrum,Vibration,mean_power_spectrum,0.0015,0.134,0.1326,1.8888,1.7474060937832156e-94,True
Motor_Current__max_power_spectrum,Motor_Current,max_power_spectrum,0.0212,4.1954,4.1742,1.6253,8.351825939376645e-95,True
Pressure__max_power_spectrum,Pressure,max_power_spectrum,0.01,0.8805,0.8705,1.5773,1.1890434109199244e-93,True
Temperature__max_power_spectrum,Temperature,max_power_spectrum,0.5788,17.9841,17.4053,1.5728,2.2018001376408398e-91,True
Noise__max_power_spectrum,Noise,max_power_spectrum,1.3292,92.7211,91.392,1.4859,9.864618116003292e-95,True
Vibration__max_power_spectrum,Vibration,max_power_spectrum,0.0125,0.7358,0.7233,1.4807,5.248376339544642e-94,True
Pressure__spectral_centroid,Pressure,spectral_centroid,0.2533,0.2328,-0.0205,0.8415,1.4679058956154174e-20,True
Noise__spectral_centroid,Noise,spectral_centroid,0.2542,0.2377,-0.0165,0.7112,6.753400286020572e-15,False
Pressure__spectral_skewness,Pressure,spectral_skewness,0.0758,0.2224,0.1466,0.676,6.96861221651283e-14,False
Noise__dominant_freq,Noise,dominant_freq,0.2175,0.1176,-0.0999,0.671,4.6739472143319665e-20,False
Pressure__dominant_freq,Pressure,dominant_freq,0.1942,0.1051,-0.0891,0.613,6.780519986437237e-17,False
Temperature__spectral_centroid,Temperature,spectral_centroid,0.2326,0.2464,0.0138,0.6012,7.37339150713451e-13,False
Motor_Current__dominant_freq,Motor_Current,dominant_freq,0.2111,0.122,-0.089,0.5848,3.3144635650708093e-15,False
Noise__spectral_skewness,Noise,spectral_skewness,0.0701,0.1839,0.1139,0.5636,8.331373453283873e-10,False
Temperature__spectral_skewness,Temperature,spectral_skewness,0.2333,0.121,-0.1124,0.5416,2.3967669673768706e-10,False
Temperature__dominant_freq,Temperature,dominant_freq,0.0922,0.1589,0.0667,0.502,0.017545526284491613,False
Motor_Current__spectral_centroid,Motor_Current,spectral_centroid,0.2493,0.2366,-0.0127,0.4716,3.271921512692122e-09,False
Vibration__spectral_spread,Vibration,spectral_spread,0.1458,0.1498,0.0039,0.4214,5.619555136780372e-06,False
Motor_Current__spectral_skewness,Motor_Current,spectral_skewness,0.0954,0.1917,0.0964,0.3976,7.145144300169615e-07,False
Noise__spectral_spread,Noise,spectral_spread,0.1446,0.148,0.0035,0.3701,7.14047486773738e-06,False
Vibration__dominant_freq,Vibration,dominant_freq,0.1466,0.0977,-0.0489,0.354,1.4949649380692247e-17,False
Pressure__spectral_spread,Pressure,spectral_spread,0.1447,0.1479,0.0032,0.345,1.8076586681793103e-05,False
Temperature__spectral_spread,Temperature,spectral_spread,0.1494,0.1463,-0.0031,0.3227,8.671534589591796e-05,False
Vibration__spectral_centroid,Vibration,spectral_centroid,0.2326,0.2236,-0.009,0.2628,1.0239290147527291e-05,False
Motor_Current__spectral_spread,Motor_Current,spectral_spread,0.1449,0.1474,0.0025,0.2466,0.005082889486876417,False
Temperature__spectral_kurtosis,Temperature,spectral_kurtosis,1.7538,1.7968,0.0431,0.242,0.001037311050513663,False
Vibration__spectral_kurtosis,Vibration,spectral_kurtosis,1.903,1.8577,-0.0452,0.1467,0.548605643742142,False
Vibration__spectral_skewness,Vibration,spectral_skewness,0.2671,0.3052,0.0381,0.1217,0.005665267012915809,False
Noise__spectral_kurtosis,Noise,spectral_kurtosis,1.7873,1.8083,0.021,0.1205,0.19223671940779752,False
Motor_Current__spectral_kurtosis,Motor_Current,spectral_kurtosis,1.8108,1.8204,0.0096,0.0475,0.24882363942557106,False
Pressure__spectral_kurtosis,Pressure,spectral_kurtosis,1.822,1.8214,-0.0007,0.0036,0.4022667684949788,False
