feature,sensor,statistic,normal_mean,anomaly_mean,mean_difference,normal_std,anomaly_std,cohens_d,p_value,significant
Pressure__crest_factor,Pressure,crest_factor,1.0202,1.1385,0.1183,0.0063,0.0378,4.2667,6.660442436394421e-94,True
Motor_Current__peak_to_peak,Motor_Current,peak_to_peak,0.2446,3.6377,3.3931,0.0878,1.1509,4.0636,4.198585575734577e-95,True
Motor_Current__range,Motor_Current,range,0.2446,3.6377,3.3931,0.0878,1.1509,4.0636,4.198585575734577e-95,True
Motor_Current__std,Motor_Current,std,0.0604,0.9492,0.8888,0.0245,0.3069,3.991,5.393412789792552e-95,True
Motor_Current__crest_factor,Motor_Current,crest_factor,1.0158,1.1836,0.1677,0.0068,0.058,3.9752,5.681762077276894e-95,True
Noise__crest_factor,Noise,crest_factor,1.0283,1.1535,0.1252,0.0075,0.043,3.9719,1.2019842042352102e-94,True
Pressure__peak_to_peak,Pressure,peak_to_peak,0.1971,1.6657,1.4686,0.0538,0.5494,3.6785,7.894843382831153e-94,True
Pressure__range,Pressure,range,0.1971,1.6657,1.4686,0.0538,0.5494,3.6785,7.894843382831153e-94,True
Pressure__std,Pressure,std,0.0485,0.4234,0.3749,0.0127,0.1416,3.6463,4.400570569877594e-94,True
Temperature__crest_factor,Temperature,crest_factor,1.0112,1.0673,0.0561,0.003,0.0219,3.5062,4.407258432896032e-91,True
Noise__shape_factor,Noise,shape_factor,1.0001,1.0023,0.0022,0.0,0.0009,3.4831,4.113379312475817e-95,True
Pressure__shape_factor,Pressure,shape_factor,1.0,1.0017,0.0017,0.0,0.0007,3.3337,4.830843053899861e-94,True
Vibration__std,Vibration,std,0.0333,0.3458,0.3125,0.0193,0.1291,3.3111,1.802661136379912e-94,True
Noise__std,Noise,std,0.5919,4.3257,3.7338,0.1169,1.5763,3.2655,3.9044728868529664e-95,True
Vibration__range,Vibration,range,0.1268,1.3427,1.2158,0.0597,0.5148,3.244,1.1222945278450871e-94,True
Vibration__peak_to_peak,Vibration,peak_to_peak,0.1268,1.3427,1.2158,0.0597,0.5148,3.244,1.1222945278450871e-94,True
Temperature__std,Temperature,std,0.3422,2.0557,1.7136,0.0615,0.7506,3.1456,1.4622088180683129e-93,True
Noise__peak_to_peak,Noise,peak_to_peak,2.417,17.2499,14.833,0.5387,6.5074,3.1404,4.675913532548517e-95,True
Noise__range,Noise,range,2.417,17.2499,14.833,0.5387,6.5074,3.1404,4.675913532548517e-95,True
Temperature__range,Temperature,range,1.3845,8.2251,6.8407,0.2842,3.0181,3.1199,2.6381281215763155e-93,True
Temperature__peak_to_peak,Temperature,peak_to_peak,1.3845,8.2251,6.8407,0.2842,3.0181,3.1199,2.6381281215763155e-93,True
Motor_Current__shape_factor,Motor_Current,shape_factor,1.0,1.003,0.0029,0.0,0.0014,2.9733,5.622887391394207e-95,True
Motor_Current__variance,Motor_Current,variance,0.0043,0.9949,0.9906,0.0048,0.5632,2.4307,5.393412789792552e-95,True
Temperature__shape_factor,Temperature,shape_factor,1.0,1.0004,0.0004,0.0,0.0002,2.4084,1.7979367620661294e-93,True
Motor_Current__max,Motor_Current,max,8.1177,14.8834,6.7657,0.1315,4.0128,2.329,4.1764766137658607e-95,True
Temperature__max,Temperature,max,62.8343,74.4675,11.6332,0.4662,7.0744,2.2681,3.184621467931556e-92,True
Pressure__variance,Pressure,variance,0.0025,0.1993,0.1967,0.0015,0.1204,2.2583,4.400570569877594e-94,True
Pressure__max,Pressure,max,5.1045,8.1701,3.0656,0.0973,1.8753,2.2564,2.041171954448887e-93,True
Noise__max,Noise,max,43.4965,73.5584,30.0619,0.7725,19.2497,2.1567,2.343812667917094e-94,True
Vibration__max,Vibration,max,0.2817,2.8007,2.519,0.065,1.6227,2.1439,1.3982777632006328e-94,True
Temperature__variance,Temperature,variance,0.1208,4.7876,4.6667,0.0435,3.2625,1.9767,1.4622088180683129e-93,True
Noise__variance,Noise,variance,0.3639,21.1879,20.824,0.1518,14.6541,1.9638,3.9044728868529664e-95,True
Vibration__variance,Vibration,variance,0.0015,0.1362,0.1347,0.002,0.0986,1.8873,1.802661136379912e-94,True
Vibration__rms,Vibration,rms,0.2195,2.0712,1.8516,0.039,1.4216,1.7994,2.759346994729396e-94,True
Pressure__rms,Pressure,rms,5.0033,7.1818,2.1785,0.0907,1.6775,1.7924,1.1480569950023872e-90,True
Pressure__mean,Pressure,mean,5.0031,7.1692,2.1661,0.0907,1.6741,1.7858,1.4212068741271848e-90,True
Noise__rms,Noise,rms,42.298,63.7836,21.4856,0.6289,16.7114,1.7757,3.0442270647079445e-93,True
Temperature__rms,Temperature,rms,62.1374,69.7198,7.5823,0.4152,5.8904,1.775,4.0180240970877224e-89,True
Temperature__mean,Temperature,mean,62.1365,69.6878,7.5513,0.4152,5.8759,1.772,4.511982756362161e-89,True
Noise__mean,Noise,mean,42.2939,63.636,21.3421,0.6286,16.6612,1.7692,3.2053884309161757e-93,True
Motor_Current__rms,Motor_Current,rms,7.9909,12.6322,4.6412,0.1028,3.639,1.762,9.364614387371515e-95,True
Vibration__mean,Vibration,mean,0.2167,2.0357,1.819,0.0366,1.4265,1.7618,4.5376846449416906e-94,True
Motor_Current__mean,Motor_Current,mean,7.9907,12.5957,4.605,0.1027,3.6333,1.751,9.363477304194667e-95,True
Pressure__median,Pressure,median,5.0025,7.1108,2.1083,0.091,1.6937,1.7181,5.201779344450011e-89,True
Noise__median,Noise,median,42.291,63.1701,20.879,0.636,16.7871,1.7178,1.5640243819616084e-92,True
Vibration__median,Vibration,median,0.216,2.0045,1.7884,0.0391,1.4391,1.717,1.732248852308199e-92,True
Temperature__median,Temperature,median,62.1372,69.4564,7.3192,0.4184,5.9437,1.698,6.854660096720912e-87,True
Motor_Current__median,Motor_Current,median,7.988,12.4239,4.4359,0.1015,3.6917,1.6601,3.3204488906941395e-94,True
Pressure__min,Pressure,min,4.9074,6.5044,1.597,0.0949,1.4311,1.5392,7.192470299166688e-83,True
Noise__min,Noise,min,41.0795,56.3084,15.2289,0.6525,13.6731,1.5377,2.988288485228927e-84,True
Motor_Current__min,Motor_Current,min,7.8732,11.2457,3.3725,0.0977,3.0871,1.5091,3.7282117680079954e-90,True
Vibration__min,Vibration,min,0.1549,1.4581,1.3032,0.0213,1.1955,1.5063,3.001418528243259e-73,True
Temperature__min,Temperature,min,61.4499,66.2424,4.7925,0.4358,4.6649,1.4142,2.691469713342693e-68,True
Motor_Current__skewness,Motor_Current,skewness,0.1136,0.9629,0.8494,0.456,0.7791,1.3155,2.9887490215465294e-47,True
Noise__skewness,Noise,skewness,-0.0067,0.6046,0.6113,0.4245,0.6133,1.1496,2.5855160971081993e-35,True
Pressure__skewness,Pressure,skewness,0.0788,0.7356,0.6568,0.4194,0.6924,1.1351,1.851194718634852e-38,True
Temperature__skewness,Temperature,skewness,-0.0049,0.623,0.6279,0.4243,0.6967,1.0769,3.097807083773954e-33,True
Vibration__crest_factor,Vibration,crest_factor,1.2754,1.4874,0.212,0.1033,0.3209,0.8728,3.934299032152938e-29,True
Vibration__skewness,Vibration,skewness,0.0774,0.4929,0.4155,0.4836,0.5773,0.7771,4.716949284285409e-18,False
Vibration__shape_factor,Vibration,shape_factor,1.012,1.0354,0.0233,0.0111,0.0474,0.6646,2.130407689842809e-23,False
Motor_Current__kurtosis,Motor_Current,kurtosis,-0.0005,1.0793,1.0798,0.8596,3.0916,0.4666,0.0001595152125851408,False
Temperature__kurtosis,Temperature,kurtosis,-0.1254,0.6596,0.785,0.768,2.2292,0.4623,3.4380216720485526e-06,False
Pressure__kurtosis,Pressure,kurtosis,-0.0457,0.6765,0.7221,0.9361,2.4313,0.3853,0.0007046523478736126,False
Noise__kurtosis,Noise,kurtosis,-0.0686,0.4424,0.5109,0.7931,1.7382,0.3725,0.019552850747951954,False
Vibration__kurtosis,Vibration,kurtosis,-0.1041,0.1086,0.2127,0.8296,1.3945,0.1833,0.7978939003678703,False
