feature,importance,domain
TIME__Noise__max,0.0909418470693711,Time Domain (Person 1)
FREQ__Noise__mean_power_spectrum,0.07792037165358734,Frequency FFT (Person 2)
FREQ__Motor_Current__fft_peak_amplitude,0.04928633679215098,Frequency FFT (Person 2)
TIME__Noise__peak_to_peak,0.049202641037314976,Time Domain (Person 1)
TIME__Noise__std,0.039410276737265486,Time Domain (Person 1)
TIME__Motor_Current__max,0.03907789101647883,Time Domain (Person 1)
TIME__Motor_Current__std,0.03870310771540054,Time Domain (Person 1)
TIME__Noise__shape_factor,0.02956547598906343,Time Domain (Person 1)
FREQ__Motor_Current__spectral_energy,0.029343781401270655,Frequency FFT (Person 2)
"TSFRESH__Motor_Current__fft_aggregated__aggtype_""skew""",0.029316901605874586,TSFresh (Person 3)
FREQ__Motor_Current__max_power_spectrum,0.029316323347662734,Frequency FFT (Person 2)
TIME__Motor_Current__variance,0.02899751202682601,Time Domain (Person 1)
TIME__Motor_Current__mean,0.02895798654258495,Time Domain (Person 1)
TSFRESH__Motor_Current__variation_coefficient,0.028903085464661124,TSFresh (Person 3)
TIME__Motor_Current__rms,0.0288888111020388,Time Domain (Person 1)
TIME__Noise__range,0.02870030729524453,Time Domain (Person 1)
TIME__Motor_Current__range,0.02030553604567699,Time Domain (Person 1)
TSFRESH__Vibration__standard_deviation,0.020150284707731947,TSFresh (Person 3)
TIME__Motor_Current__crest_factor,0.019721732792999398,Time Domain (Person 1)
TIME__Motor_Current__shape_factor,0.01965271566314668,Time Domain (Person 1)
TSFRESH__Temperature__mean_abs_change,0.019553978566586513,TSFresh (Person 3)
FREQ__Noise__spectral_energy,0.019328464006394926,Frequency FFT (Person 2)
TIME__Vibration__max,0.019035086123091762,Time Domain (Person 1)
TIME__Noise__mean,0.011847861665554021,Time Domain (Person 1)
TIME__Noise__variance,0.010638936715289015,Time Domain (Person 1)
TIME__Noise__rms,0.010516987432471321,Time Domain (Person 1)
FREQ__Motor_Current__mean_power_spectrum,0.010298043082582151,Frequency FFT (Person 2)
TIME__Motor_Current__peak_to_peak,0.010273995644101652,Time Domain (Person 1)
TIME__Temperature__range,0.010258194036001837,Time Domain (Person 1)
FREQ__Noise__fft_peak_amplitude,0.010254928543858288,Frequency FFT (Person 2)
TIME__Vibration__rms,0.010074411508187815,Time Domain (Person 1)
TIME__Vibration__peak_to_peak,0.010002537015889691,Time Domain (Person 1)
TIME__Pressure__max,0.009745443510393083,Time Domain (Person 1)
FREQ__Temperature__spectral_energy,0.009742400980440514,Frequency FFT (Person 2)
"TSFRESH__Vibration__agg_linear_trend__attr_""stderr""__chunk_len_5__f_agg_""max""",0.009733326794506041,TSFresh (Person 3)
TIME__Noise__crest_factor,0.009657799394495684,Time Domain (Person 1)
TIME__Pressure__range,0.009655774136659467,Time Domain (Person 1)
FREQ__Noise__max_power_spectrum,0.009654265613912656,Frequency FFT (Person 2)
FREQ__Pressure__mean_power_spectrum,0.009596854971505801,Frequency FFT (Person 2)
TIME__Temperature__variance,0.009596198591914991,Time Domain (Person 1)
TIME__Temperature__peak_to_peak,0.0095126995491512,Time Domain (Person 1)
FREQ__Vibration__spectral_energy,0.009475949880033646,Frequency FFT (Person 2)
TIME__Pressure__shape_factor,0.009399222773852797,Time Domain (Person 1)
"TSFRESH__Noise__agg_linear_trend__attr_""stderr""__chunk_len_5__f_agg_""max""",0.0012830710337123914,TSFresh (Person 3)
FREQ__Vibration__fft_peak_amplitude,0.0007635425405969273,Frequency FFT (Person 2)
TIME__Noise__median,0.0006919185828790869,Time Domain (Person 1)
"TSFRESH__Pressure__fft_aggregated__aggtype_""skew""",0.000648942002533573,TSFresh (Person 3)
TIME__Temperature__mean,0.0006413524125163362,Time Domain (Person 1)
TIME__Vibration__variance,0.0005696816822793497,Time Domain (Person 1)
FREQ__Vibration__mean_power_spectrum,0.0005666270852852277,Frequency FFT (Person 2)
TIME__Vibration__shape_factor,0.0005403486979846822,Time Domain (Person 1)
"TSFRESH__Noise__agg_linear_trend__attr_""stderr""__chunk_len_5__f_agg_""mean""",0.0005266049064667216,TSFresh (Person 3)
TIME__Vibration__kurtosis,0.0004984879807217528,Time Domain (Person 1)
TIME__Motor_Current__median,0.0004641316429674022,Time Domain (Person 1)
FREQ__Vibration__spectral_kurtosis,0.0004586435739933331,Frequency FFT (Person 2)
TIME__Temperature__median,0.0004503166015656643,Time Domain (Person 1)
"TSFRESH__Motor_Current__agg_linear_trend__attr_""stderr""__chunk_len_5__f_agg_""max""",0.0004258445124366828,TSFresh (Person 3)
TIME__Vibration__median,0.00040062069418819664,Time Domain (Person 1)
TIME__Temperature__crest_factor,0.00038933374178411304,Time Domain (Person 1)
TIME__Temperature__max,0.0003590413734750953,Time Domain (Person 1)
"TSFRESH__Motor_Current__agg_linear_trend__attr_""stderr""__chunk_len_5__f_agg_""mean""",0.00032498300110551904,TSFresh (Person 3)
FREQ__Vibration__max_power_spectrum,0.00030125082685621694,Frequency FFT (Person 2)
TIME__Noise__min,0.0002840238290173094,Time Domain (Person 1)
TSFRESH__Motor_Current__percentage_of_reoccurring_values_to_all_values,0.00027435237492470804,TSFresh (Person 3)
TIME__Temperature__rms,0.0002608284237015574,Time Domain (Person 1)
TSFRESH__Pressure__percentage_of_reoccurring_values_to_all_values,0.00026020655903977874,TSFresh (Person 3)
FREQ__Motor_Current__spectral_centroid,0.00025750111957008494,Frequency FFT (Person 2)
"TSFRESH__Pressure__agg_linear_trend__attr_""stderr""__chunk_len_5__f_agg_""max""",0.00024053945320388163,TSFresh (Person 3)
"TSFRESH__Vibration__agg_linear_trend__attr_""stderr""__chunk_len_5__f_agg_""mean""",0.00020340618281363513,TSFresh (Person 3)
TIME__Temperature__skewness,0.00019554705350975082,Time Domain (Person 1)
TIME__Pressure__rms,0.00019398666475293737,Time Domain (Person 1)
TIME__Motor_Current__min,0.0001908500404910827,Time Domain (Person 1)
FREQ__Pressure__spectral_spread,0.00017383831722735658,Frequency FFT (Person 2)
TIME__Vibration__range,0.00017359243837216878,Time Domain (Person 1)
FREQ__Vibration__spectral_skewness,0.000172495312627374,Frequency FFT (Person 2)
TIME__Vibration__std,0.0001715288565099491,Time Domain (Person 1)
FREQ__Temperature__max_power_spectrum,0.0001707989115177029,Frequency FFT (Person 2)
FREQ__Pressure__fft_peak_amplitude,0.0001696928771508603,Frequency FFT (Person 2)
FREQ__Motor_Current__spectral_kurtosis,0.00016027911449471619,Frequency FFT (Person 2)
FREQ__Temperature__spectral_centroid,0.00013052360774818404,Frequency FFT (Person 2)
TIME__Noise__skewness,0.00012475422062512714,Time Domain (Person 1)
TIME__Pressure__skewness,0.00011701261701261701,Time Domain (Person 1)
FREQ__Motor_Current__spectral_skewness,0.00011620783518697463,Frequency FFT (Person 2)
FREQ__Pressure__spectral_centroid,0.00010525312231861951,Frequency FFT (Person 2)
FREQ__Vibration__spectral_centroid,9.854056519477784e-05,Frequency FFT (Person 2)
"TSFRESH__Vibration__change_quantiles__f_agg_""mean""__isabs_True__qh_1.0__ql_0.6",9.588155023361435e-05,TSFresh (Person 3)
TIME__Pressure__crest_factor,8.784299900111671e-05,Time Domain (Person 1)
TIME__Vibration__skewness,8.764973244915443e-05,Time Domain (Person 1)
TIME__Pressure__min,8.764836311464736e-05,Time Domain (Person 1)
TIME__Pressure__mean,8.733956102377186e-05,Time Domain (Person 1)
TIME__Pressure__std,8.726198124665118e-05,Time Domain (Person 1)
FREQ__Noise__spectral_spread,8.658008658008678e-05,Frequency FFT (Person 2)
TSFRESH__Vibration__percentage_of_reoccurring_values_to_all_values,8.639216234907789e-05,TSFresh (Person 3)
TIME__Vibration__min,8.59958011782023e-05,Time Domain (Person 1)
TIME__Noise__kurtosis,8.514624732484023e-05,Time Domain (Person 1)
TIME__Temperature__min,8.000657761586724e-05,Time Domain (Person 1)
FREQ__Temperature__dominant_freq,6.95665324486285e-05,Frequency FFT (Person 2)
FREQ__Temperature__spectral_skewness,6.575436456506822e-05,Frequency FFT (Person 2)
TIME__Motor_Current__kurtosis,6.526180387409202e-05,Time Domain (Person 1)
TIME__Pressure__median,2.908881476699987e-05,Time Domain (Person 1)
FREQ__Temperature__spectral_spread,2.8778077558565867e-05,Frequency FFT (Person 2)
"TSFRESH__Temperature__agg_linear_trend__attr_""stderr""__chunk_len_5__f_agg_""max""",1.701641108420791e-05,TSFresh (Person 3)
TIME__Temperature__std,0.0,Time Domain (Person 1)
FREQ__Temperature__fft_peak_amplitude,0.0,Frequency FFT (Person 2)
TIME__Pressure__variance,0.0,Time Domain (Person 1)
TIME__Pressure__peak_to_peak,0.0,Time Domain (Person 1)
TIME__Pressure__kurtosis,0.0,Time Domain (Person 1)
TIME__Temperature__shape_factor,0.0,Time Domain (Person 1)
TIME__Temperature__kurtosis,0.0,Time Domain (Person 1)
TIME__Vibration__crest_factor,0.0,Time Domain (Person 1)
TIME__Motor_Current__skewness,0.0,Time Domain (Person 1)
TIME__Vibration__mean,0.0,Time Domain (Person 1)
FREQ__Temperature__spectral_kurtosis,0.0,Frequency FFT (Person 2)
FREQ__Temperature__mean_power_spectrum,0.0,Frequency FFT (Person 2)
FREQ__Vibration__dominant_freq,0.0,Frequency FFT (Person 2)
FREQ__Vibration__spectral_spread,0.0,Frequency FFT (Person 2)
FREQ__Motor_Current__spectral_spread,0.0,Frequency FFT (Person 2)
FREQ__Pressure__spectral_energy,0.0,Frequency FFT (Person 2)
FREQ__Motor_Current__dominant_freq,0.0,Frequency FFT (Person 2)
FREQ__Noise__dominant_freq,0.0,Frequency FFT (Person 2)
FREQ__Pressure__max_power_spectrum,0.0,Frequency FFT (Person 2)
FREQ__Pressure__spectral_skewness,0.0,Frequency FFT (Person 2)
FREQ__Pressure__spectral_kurtosis,0.0,Frequency FFT (Person 2)
FREQ__Pressure__dominant_freq,0.0,Frequency FFT (Person 2)
FREQ__Noise__spectral_centroid,0.0,Frequency FFT (Person 2)
FREQ__Noise__spectral_skewness,0.0,Frequency FFT (Person 2)
FREQ__Noise__spectral_kurtosis,0.0,Frequency FFT (Person 2)
"TSFRESH__Temperature__fft_aggregated__aggtype_""skew""",0.0,TSFresh (Person 3)
TSFRESH__Temperature__variance_larger_than_standard_deviation,0.0,TSFresh (Person 3)
"TSFRESH__Motor_Current__agg_linear_trend__attr_""stderr""__chunk_len_5__f_agg_""var""",0.0,TSFresh (Person 3)
TSFRESH__Pressure__lempel_ziv_complexity__bins_100,0.0,TSFresh (Person 3)
"TSFRESH__Pressure__change_quantiles__f_agg_""mean""__isabs_True__qh_1.0__ql_0.6",0.0,TSFresh (Person 3)
"TSFRESH__Motor_Current__change_quantiles__f_agg_""mean""__isabs_True__qh_1.0__ql_0.6",0.0,TSFresh (Person 3)
TSFRESH__Vibration__range_count__max_1__min_-1,0.0,TSFresh (Person 3)
"TSFRESH__Pressure__agg_linear_trend__attr_""stderr""__chunk_len_5__f_agg_""mean""",0.0,TSFresh (Person 3)
